Hostel_Name,Location,Distance_from_Campus_km,Annual_Rent_GHS,Student_Rating,Verification_Status
Peace Haven Hostel,Ayensu,1.8,5500,4.7,Verified
Green Valley Hostel,University Area,2.8,3550,4.5,Verified
Maple Court Hostel,Abura,2.8,3000,4.5,Verified
Comfort Zone Hostel,Kwaprow,2.7,4050,4.4,Verified
Comfort Zone Hostel,University Area,1.2,5000,4.4,Verified
Campus View Hostel,Pedu,0.6,3800,4.4,Verified
Starlight Hostel,Amamoma,0.9,4750,4.3,Verified
University Heights Hostel,Kotokuraba,2.3,2300,4.1,Verified
Comfort Zone Hostel,Abura,1.7,3750,4.0,Verified
